time,seconds_elapsed,z,y,x
1782771768179382500,0.209382568359375,-0.04538536071777344,-0.0009303130209445953,0.0005556484684348106
1782771768189392100,0.21939208984375,-0.054962158203125,0.013624973595142365,-0.016457192599773407
1782771768199402000,0.229402099609375,-0.054962158203125,-0.002954866737127304,-0.019090848043560982
1782771768209381400,0.23938134765625,-0.050174713134765625,-0.0003804713487625122,-0.026513712480664253
1782771768219391000,0.249390869140625,-0.04059886932373047,0.004467468708753586,-0.0025711655616760254
1782771768229400800,0.25940087890625,-0.0573577880859375,0.009315937757492065,-0.0025111036375164986
1782771768239380200,0.269380126953125,-0.05256938934326172,0.004587467759847641,-0.0025113672018051147
1782771768249389800,0.279389892578125,-0.05496406555175781,0.002133462578058243,-0.021665245294570923
1782771768259399700,0.289399658203125,-0.0645303726196289,0.0007382035255432129,-0.017746152356266975
1782771768269378800,0.29937890625,-0.05495452880859375,0.010375093668699265,-0.024868953973054886
1782771768279388400,0.309388427734375,-0.04537677764892578,-0.006443966180086136,-0.0033807880245149136
1782771768289398300,0.319398193359375,-0.04298210144042969,0.0102553591132164,0.008590509183704853
1782771768299377700,0.329377685546875,-0.040587425231933594,-0.0017754808068275452,0.0014079046668484807
1782771768309387500,0.339387451171875,-0.06931781768798828,0.003012925386428833,-0.010443001985549927
1782771768319397000,0.349397216796875,-0.057346343994140625,-0.013806324452161789,-0.015171860344707966
1782771768329376500,0.35937646484375,-0.045375823974609375,-0.0017752349376678467,0.020740875974297523
1782771768339386000,0.36938623046875,-0.04298114776611328,0.005467019975185394,-0.007929894141852856
1782771768349396000,0.37939599609375,-0.059741973876953125,0.010315511375665665,0.004161015152931213
1782771768359375000,0.389375,-0.06213569641113281,-0.008778274059295654,-0.012538564391434193
1782771768369384700,0.399384765625,-0.07171249389648438,-0.013566665351390839,-0.007689961232244968
1782771768379394600,0.40939453125,-0.07410717010498047,0.005586937069892883,-0.014753191731870174
1782771768389374000,0.4193740234375,-0.05974292755126953,0.008101299405097961,0.023613551631569862
1782771768399383600,0.429383544921875,-0.066925048828125,0.00337253138422966,0.004578953608870506
1782771768409393400,0.439393310546875,-0.08607959747314453,-0.0036898739635944366,0.014156047254800797
1782771768419372800,0.449372802734375,-0.0669260025024414,-0.006084080785512924,0.009427192620933056
1782771768429382400,0.45938232421875,-0.05974388122558594,-0.008478265255689621,-0.0049377321265637875
1782771768439392300,0.469392333984375,-0.07410907745361328,-0.001235824078321457,-0.00008921069093048573
1782771768449401900,0.47940185546875,-0.059744834899902344,0.008461184799671173,-0.012059933505952358
1782771768459381000,0.489381103515625,-0.05735015869140625,0.018097806721925735,0.007093396037817001
1782771768469390800,0.499390869140625,-0.0717153549194336,-0.0034500136971473694,-0.0024836957454681396
1782771768479400700,0.509400634765625,-0.0693216323852539,-0.005844220519065857,-0.0072122663259506226
1782771768489380000,0.519380126953125,-0.0717153549194336,-0.0034500323235988617,0.002424348145723343
1782771768499389700,0.5293896484375,-0.08129215240478516,0.001338370144367218,-0.0023640552535653114
1782771768509399600,0.539399658203125,-0.06453323364257812,-0.0035101138055324554,0.004878930747509003
1782771768519379000,0.54937890625,-0.0717153549194336,0.006066702306270599,-0.004697876982390881
1782771768529388500,0.559388427734375,-0.06453227996826172,0.0036125704646110535,-0.0022440480533987284
1782771768539398100,0.569398193359375,-0.0717153549194336,-0.0011160336434841156,-0.007033020257949829
1782771768549377500,0.57937744140625,-0.06213855743408203,0.001278165727853775,-0.009427221491932869
1782771768559387100,0.58938720703125,-0.07411003112792969,-0.000996764749288559,-0.01649109646677971
1782771768569397000,0.59939697265625,-0.08368682861328125,0.008519943803548813,0.005056719295680523
1782771768579376400,0.60937646484375,-0.07650375366210938,-0.010633669793605804,0.0027821806725114584
1782771768589386000,0.619385986328125,-0.07411003112792969,-0.008239462971687317,0.00529619911685586
1782771768599395800,0.629395751953125,-0.07650375366210938,-0.02027033641934395,-0.004281176719814539
1782771768609375200,0.639375244140625,-0.059744834899902344,0.008460082113742828,-0.0042210835963487625
1782771768619384800,0.649384765625,-0.06692695617675781,0.006065886467695236,0.00786922499537468
1782771768629394700,0.659394775390625,-0.08847522735595703,-0.010693531483411789,-0.008950280956923962
1782771768639374000,0.6693740234375,-0.08368682861328125,-0.010693531483411789,0.015051566064357758
1782771768649383700,0.6793837890625,-0.09326362609863281,0.003671683371067047,0.01026344858109951
1782771768659393500,0.6893935546875,-0.07889842987060547,-0.008239507675170898,-0.008830615319311619
1782771768669372700,0.69937255859375,-0.07650375366210938,-0.005845304578542709,0.005594827234745026
1782771768679382300,0.70938232421875,-0.08129215240478516,-0.003451123833656311,-0.008770665153861046
1782771768689392000,0.71939208984375,-0.0693216323852539,-0.00823952630162239,-0.001588060287758708
1782771768699402000,0.729402099609375,-0.08368682861328125,-0.02248508855700493,0.012896527536213398
1782771768709381000,0.739381103515625,-0.07889842987060547,0.0062452927231788635,0.0034393412061035633
1782771768719391000,0.749390869140625,-0.09326362609863281,-0.012848682701587677,0.005893193185329437
1782771768729400800,0.75940087890625,-0.08129310607910156,0.003970835357904434,-0.0036836136132478714
1782771768739380200,0.769380126953125,-0.07889938354492188,-0.00321178138256073,-0.0012295795604586601
1782771768749389800,0.779389892578125,-0.07171630859375,-0.0007576718926429749,0.00355854001827538
1782771768759399700,0.789399658203125,-0.07889938354492188,-0.0006978921592235565,0.0012236055918037891
1782771768769378800,0.79937890625,-0.08129405975341797,-0.000577729195356369,0.015588534064590931
1782771768779388400,0.809388427734375,-0.09087085723876953,0.013847120106220245,0.018042104318737984
1782771768789398300,0.819398193359375,-0.0741119384765625,0.01863544061779976,0.0013419410679489374
1782771768799377700,0.829377685546875,-0.06214141845703125,-0.0028525404632091522,0.011038411408662796
1782771768809387300,0.83938720703125,-0.08129501342773438,-0.00039839744567871094,-0.0009323169942945242
1782771768819397000,0.849397216796875,-0.07171821594238281,-0.0027327686548233032,0.013552559539675713
1782771768829376500,0.85937646484375,-0.0765066146850586,0.014146842062473297,-0.010329090058803558
1782771768839386000,0.86938623046875,-0.08129501342773438,0.0021758340299129486,-0.012663640081882477
1782771768849396000,0.87939599609375,-0.0765066146850586,0.011752642691135406,0.006550069432705641
1782771768859375000,0.889375,-0.0789022445678711,-0.014463908970355988,0.0018214979209005833
1782771768869385000,0.899385009765625,-0.06932544708251953,0.007203679531812668,0.02109437994658947
1782771768879394600,0.90939453125,-0.08608436584472656,0.0048693083226680756,-0.017272677272558212
1782771768889374000,0.9193740234375,-0.07171916961669922,0.007263485342264175,-0.0005135443061590195
1782771768899383800,0.9293837890625,-0.08847904205322266,0.0024750493466854095,-0.01721358299255371
1782771768909393400,0.939393310546875,-0.06932544708251953,-0.00231335312128067,-0.005182480439543724
1782771768919372800,0.949372802734375,-0.1004495620727539,0.002415221184492111,0.013971133157610893
1782771768929382700,0.959382568359375,-0.07411384582519531,-0.00237317755818367,0.009242644533514977
1782771768939392300,0.969392333984375,-0.076507568359375,-0.004767410457134247,-0.00021477462723851204
1782771768949402000,0.979402099609375,-0.07172012329101562,0.00008106976747512817,-0.005063551012426615
1782771768959381200,0.98938134765625,-0.08847999572753906,-0.01188996434211731,-0.00015575578436255455
1782771768969390800,0.999390869140625,-0.09326839447021484,-0.011830084025859833,0.0046922811307013035
1782771768979400700,1.009400634765625,-0.08608436584472656,0.007323503494262695,0.031088056042790413
1782771768989380000,1.019380126953125,-0.06214332580566406,-0.0021932125091552734,0.014328643679618835
1782771768999389700,1.0293896484375,-0.0812978744506836,-0.018833354115486145,0.009599614888429642
1782771769009399600,1.039399658203125,-0.0812978744506836,0.0003202594816684723,0.00008290261030197144
1782771769019379000,1.04937890625,-0.08129692077636719,-0.002133779227733612,-0.004705500788986683
1782771769029388500,1.059388427734375,-0.0789031982421875,-0.014104809612035751,0.009719343855977058
1782771769039398400,1.0693984375,-0.07411575317382812,-0.011650748550891876,0.012173652648925781
1782771769049377500,1.07937744140625,-0.08608627319335938,0.00995716080069542,-0.009434259496629238
1782771769059387100,1.08938720703125,-0.06453895568847656,-0.0020735636353492737,-0.004527106881141663
1782771769069397000,1.09939697265625,-0.07650947570800781,0.009897425770759583,0.0075037176720798016
1782771769079376400,1.10937646484375,-0.07172107696533203,-0.004408009350299835,0.009957201778888702
1782771769089386000,1.119385986328125,-0.08608627319335938,0.012411307543516159,0.014745606109499931
1782771769099395800,1.129395751953125,-0.08848094940185547,0.005288492888212204,-0.009196684695780277
1782771769109375200,1.139375244140625,-0.07172203063964844,-0.0018340051174163818,0.007622820790857077
1782771769119385000,1.149385009765625,-0.07650947570800781,-0.009135883301496506,-0.013865072280168533
1782771769129394700,1.159394775390625,-0.07411575317382812,0.0028351247310638428,-0.001954158302396536
1782771769139374000,1.1693740234375,-0.06932735443115234,-0.0018934495747089386,0.012530717998743057
1782771769149383700,1.1793837890625,-0.07172107696533203,0.002894926816225052,-0.004228969104588032
1782771769159393500,1.1893935546875,-0.0789041519165039,0.012471728026866913,-0.01614014431834221
1782771769169372700,1.19937255859375,-0.08608627319335938,-0.023441320285201073,-0.004109315574169159
1782771769179382500,1.209382568359375,-0.08848094940185547,-0.006622258573770523,0.0006790864281356335
1782771769189392100,1.21939208984375,-0.08608627319335938,0.017259664833545685,0.0006790864281356335
1782771769199402000,1.229402099609375,-0.10045146942138672,0.005348507314920425,0.010316003113985062
1782771769209381400,1.23938134765625,-0.08848094940185547,-0.0018341168761253357,0.007981617003679276
1782771769219391000,1.249390869140625,-0.07172107696533203,0.0076830387115478516,0.0032528634183108807
1782771769229400800,1.25940087890625,-0.09566307067871094,0.0004403740167617798,0.010495837777853012
1782771769239380200,1.269380126953125,-0.06693267822265625,0.007622983306646347,0.0057672676630318165
1782771769249389800,1.279389892578125,-0.09087467193603516,-0.018713198602199554,0.005827533081173897
1782771769259399700,1.289399658203125,-0.06214332580566406,0.00044047459959983826,0.010735994204878807
1782771769269378800,1.29937890625,-0.08847999572753906,-0.03074416145682335,0.001159460749477148
1782771769279388400,1.309388427734375,-0.08369255065917969,0.007622811943292618,0.006127458531409502
1782771769289398300,1.319398193359375,-0.08369159698486328,-0.00919666513800621,0.006187518127262592
1782771769299377700,1.329377685546875,-0.09566211700439453,0.012351151555776596,0.008641586638987064
1782771769309387300,1.33938720703125,-0.08369255065917969,0.007622711360454559,-0.003268991131335497
1782771769319397000,1.349397216796875,-0.09326934814453125,0.0028942078351974487,0.008822020143270493
1782771769329376500,1.35937646484375,-0.08608531951904297,0.005288407206535339,-0.012665733695030212
1782771769339386400,1.369386474609375,-0.09087371826171875,0.002894248813390732,0.00894203595817089
1782771769349396000,1.37939599609375,-0.08608531951904297,-0.011470921337604523,0.023367617279291153
1782771769359375000,1.389375,-0.10045146942138672,-0.004168622195720673,0.01618528738617897
1782771769369384700,1.399384765625,-0.08848094940185547,-0.011351186782121658,-0.002908138558268547
1782771769379394600,1.40939453125,-0.08369255065917969,0.005408275872468948,0.009122973307967186
1782771769389374000,1.4193740234375,-0.08848094940185547,-0.009017035365104675,-0.0003937371075153351
1782771769399383600,1.429383544921875,-0.08608627319335938,-0.011411227285861969,-0.0028475881554186344
1782771769409393400,1.439393310546875,-0.08608627319335938,-0.00662275031208992,-0.002726845908910036
1782771769419372800,1.449372802734375,-0.09326934814453125,-0.008957084268331528,0.006850233767181635
1782771769429382400,1.45938232421875,-0.08848094940185547,0.005408167839050293,0.011698818765580654
1782771769439392300,1.469392333984375,-0.09087467193603516,-0.006502959877252579,-0.016971491277217865
1782771769449401900,1.47940185546875,-0.08608627319335938,0.0030137524008750916,-0.009728793054819107
1782771769459381000,1.489381103515625,-0.08848094940185547,-0.0017746910452842712,0.009544210508465767
1782771769469390800,1.499390869140625,-0.06453895568847656,-0.016079986467957497,0.0023616054095327854
1782771769479400700,1.509400634765625,-0.09326934814453125,-0.003989309072494507,0.002421440090984106
1782771769489380000,1.519380126953125,-0.08848094940185547,0.015164345502853394,0.014392722398042679
1782771769499389700,1.5293896484375,-0.08848190307617188,-0.003929533064365387,0.0024819052778184414
1782771769509399600,1.539399658203125,-0.0836935043334961,-0.0015352889895439148,0.0048763807862997055
1782771769519379000,1.54937890625,-0.07890510559082031,-0.00865798071026802,0.012119363062083721
1782771769529388500,1.559388427734375,-0.08608818054199219,-0.0014154985547065735,0.007390597835183144
1782771769539398100,1.569398193359375,-0.08848285675048828,0.0033729076385498047,0.0050562284886837006
1782771769549377500,1.57937744140625,-0.09087562561035156,0.0034330375492572784,-0.009248612448573112
1782771769559387100,1.58938720703125,-0.07651042938232422,-0.0013553202152252197,0.005116866901516914
1782771769569397000,1.59939697265625,-0.07890510559082031,-0.010992169380187988,0.007631530519574881
1782771769579376400,1.60937646484375,-0.08848190307617188,-0.0014152638614177704,0.010086107067763805
1782771769589386000,1.619385986328125,-0.06453990936279297,0.0009190700948238373,0.010146290063858032
1782771769599395800,1.629395751953125,-0.07650947570800781,0.005647685378789902,-0.0017646150663495064
1782771769609375200,1.639375244140625,-0.09087562561035156,-0.0014747753739356995,0.0030841557309031487
1782771769619384800,1.649384765625,-0.09087467193603516,0.010436583310365677,-0.008767552673816681
1782771769629394700,1.659394775390625,-0.08369255065917969,-0.0038684383034706116,0.005598205607384443
1782771769639374000,1.6693740234375,-0.10045146942138672,-0.008596912026405334,0.015235388651490211
1782771769649383700,1.6793837890625,-0.07890510559082031,-0.0013542957603931427,0.012901641428470612
1782771769659393500,1.6893935546875,-0.09087562561035156,-0.008536852896213531,0.008173341862857342
1782771769669372700,1.69937255859375,-0.09327030181884766,0.008222512900829315,-0.0013436460867524147
1782771769679382300,1.70938232421875,-0.09327030181884766,-0.008536901324987411,-0.0013436460867524147
1782771769689392000,1.71939208984375,-0.09805870056152344,-0.015719404444098473,0.005899597425013781
1782771769699402000,1.729402099609375,-0.07651042938232422,-0.006142552942037582,0.005899870302528143
1782771769709381000,1.739381103515625,-0.09327030181884766,-0.006082400679588318,-0.00840497575700283
1782771769719391000,1.749390869140625,-0.0812997817993164,0.005948301404714584,0.0035663042217493057
1782771769729400800,1.75940087890625,-0.07890605926513672,-0.017993662506341934,0.006020873319357634
1782771769739380200,1.769380126953125,-0.0836944580078125,0.025161899626255035,0.0036272117868065834
1782771769749389800,1.779389892578125,-0.08608818054199219,-0.005902659147977829,-0.003494671545922756
1782771769759399700,1.789399658203125,-0.09805965423583984,-0.024996433407068253,-0.0034348387271165848
1782771769769378800,1.79937890625,-0.09087657928466797,0.0013999789953231812,0.0014141998253762722
1782771769779388400,1.809388427734375,-0.07411766052246094,-0.012905534356832504,0.013385477475821972
1782771769789398300,1.819398193359375,-0.07651138305664062,-0.0033887065947055817,0.003749113529920578
1782771769799377700,1.829377685546875,-0.07890605926513672,0.011036381125450134,0.018114592880010605
1782771769809387300,1.83938720703125,-0.0860891342163086,0.0015194341540336609,0.003868936561048031
1782771769819397000,1.849397216796875,-0.07172298431396484,0.015824873000383377,0.003929034806787968
1782771769829376500,1.85937646484375,-0.0836954116821289,-0.010451320558786392,0.011171460151672363
1782771769839386000,1.86938623046875,-0.07651233673095703,0.00630810484290123,-0.005468648858368397
1782771769849396000,1.87939599609375,-0.0812997817993164,-0.0008144676685333252,0.011350587010383606
1782771769859375000,1.889375,-0.0836944580078125,-0.003208667039871216,0.008956385776400566
1782771769869385000,1.899385009765625,-0.08848381042480469,-0.00793706625699997,0.018653543666005135
1782771769879394600,1.90939453125,-0.09327220916748047,-0.005542907863855362,0.006682266015559435
1782771769889374000,1.9193740234375,-0.07890701293945312,-0.010385125875473022,0.016300804913043976
1782771769899383800,1.9293837890625,-0.0836954116821289,0.0015928037464618683,0.025902312248945236
1782771769909393400,1.939393310546875,-0.08848381042480469,0.011289726942777634,0.02107122726738453
1782771769919372800,1.949372802734375,-0.06693553924560547,0.013618551194667816,-0.00038566533476114273
1782771769929382700,1.959382568359375,-0.09327220916748047,-0.0008106566965579987,0.009165160357952118
1782771769939392300,1.969392333984375,-0.07411861419677734,-0.005539275705814362,-0.00274627935141325
1782771769949402000,1.979402099609375,-0.09087753295898438,-0.000752035528421402,0.02128991112112999
1782771769959381200,1.98938134765625,-0.08848285675048828,0.001642223447561264,-0.0001978045329451561
1782771769969390800,1.999390869140625,-0.09566593170166016,-0.022119944915175438,0.009439448826014996
1782771769979400700,2.009400634765625,-0.0860891342163086,-0.012602970004081726,0.00231667747721076
1782771769989380000,2.019380126953125,-0.09806060791015625,0.004224304109811783,0.0215025395154953
1782771769999389700,2.0293896484375,-0.06933021545410156,0.004224319010972977,0.004802774637937546
1782771770009399600,2.039399658203125,-0.08130073547363281,-0.0005640909075737,0.00959117989987135
1782771770019379000,2.04937890625,-0.08130168914794922,0.004343971610069275,0.00480277556926012
1782771770029388500,2.059388427734375,-0.086090087890625,-0.005232773721218109,0.012045558542013168
1782771770039398400,2.0693984375,-0.07890796661376953,-0.002835649996995926,0.012082256376743317
1782771770049377500,2.07937744140625,-0.07172489166259766,-0.014746623113751411,0.0025051836855709553
1782771770059387400,2.089387451171875,-0.09327316284179688,-0.007564019411802292,0.009687788784503937
1782771770069397000,2.09939697265625,-0.10284996032714844,-0.017200857400894165,-0.00946555845439434
1782771770079376400,2.10937646484375,-0.07172393798828125,0.006681319326162338,-0.004617318511009216
1782771770089386000,2.119385986328125,-0.0860891342163086,0.011469725519418716,0.01944451779127121
1782771770099395800,2.129395751953125,-0.0836954116821289,-0.0005012825131416321,0.012381583452224731
1782771770109375200,2.139375244140625,-0.09087753295898438,0.01158997043967247,0.012381849810481071
1782771770119385000,2.149385009765625,-0.09327220916748047,0.011590030044317245,0.010107211768627167
1782771770129394700,2.159394775390625,-0.07890701293945312,-0.014806343242526054,-0.004198175854980946
1782771770139374000,2.1693740234375,-0.08848381042480469,-0.012412074953317642,-0.0017438726499676704
1782771770149383700,2.1793837890625,-0.10045433044433594,-0.017200477421283722,0.015075450763106346
1782771770159393500,2.1893935546875,-0.09327220916748047,-0.007563836872577667,0.0007700733840465546
1782771770169372700,2.19937255859375,-0.08848381042480469,0.002073056995868683,0.00322436960414052
1782771770179382500,2.209382568359375,-0.09566593170166016,0.011649996042251587,0.010407503694295883
1782771770189392100,2.21939208984375,-0.08848381042480469,0.014044251292943954,-0.0016233259811997414
1782771770199402000,2.229402099609375,-0.09566593170166016,0.011650115251541138,-0.00880566705018282
1782771770209381400,2.23938134765625,-0.07890701293945312,0.0021334104239940643,0.005559542216360569
1782771770219391000,2.249390869140625,-0.0836954116821289,0.014044765383005142,0.010347946546971798
1782771770229400800,2.25940087890625,-0.09087848663330078,-0.0002603568136692047,0.010408037342131138
1782771770239380200,2.269380126953125,-0.08369636535644531,-0.01695985719561577,0.0008913259953260422
1782771770249389800,2.279389892578125,-0.09806251525878906,0.009436260908842087,0.015316451899707317
1782771770259399700,2.289399658203125,-0.09087753295898438,-0.004988647997379303,0.01783084310591221
1782771770269378800,2.29937890625,-0.07172393798828125,-0.0025944486260414124,0.008314130827784538
1782771770279388400,2.309388427734375,-0.086090087890625,0.014284200966358185,-0.0013225926086306572
1782771770289398300,2.319398193359375,-0.0860910415649414,0.016738496720790863,0.001191798597574234
1782771770299377700,2.329377685546875,-0.0884847640991211,-0.004869148135185242,-0.005930975079536438
1782771770309387300,2.33938720703125,-0.09566688537597656,0.0046478211879730225,0.013342723250389099
1782771770319397000,2.349397216796875,-0.09327220916748047,0.007042009383440018,0.013462390750646591
1782771770329376500,2.35937646484375,-0.09566593170166016,0.009436219930648804,-0.005691227503120899
1782771770339326700,2.36932666015625,-0.09327220916748047,0.011711213737726212,0.011127493344247341
1782771770349457200,2.37945703125,-0.10045433044433594,0.0023136474192142487,0.004004874732345343
1782771770360540700,2.390540771484375,-0.08130168914794922,0.014345157891511917,0.004004607442766428
1782771770379394600,2.40939453125,-0.09806060791015625,-0.002533547580242157,0.018555985763669014
1782771770389374000,2.4193740234375,-0.09327220916748047,-0.012110289186239243,-0.00047723855823278427
1782771770399383600,2.429383544921875,-0.09087753295898438,0.0047088079154491425,0.0019766436889767647
1782771770409393400,2.439393310546875,-0.08848381042480469,0.01673988252878189,0.01167357712984085
1782771770419372800,2.449372802734375,-0.086090087890625,0.002494383603334427,0.00927937962114811
1782771770429382700,2.459382568359375,-0.09087848663330078,0.00016009807586669922,0.007004998624324799
1782771770439392300,2.469392333984375,-0.09087848663330078,0.014517102390527725,0.018961714580655098
1782771770449402000,2.479402099609375,-0.0884847640991211,0.00254623219370842,-0.0025254758074879646
1782771770459381200,2.48938134765625,-0.07172393798828125,-0.0023019202053546906,-0.0047997524961829185
1782771770469390800,2.499390869140625,-0.09087753295898438,0.014397654682397842,0.007231426425278187
1782771770479400700,2.509400634765625,-0.09327220916748047,0.0071553513407707214,-0.0022850194945931435
1782771770489380000,2.519380126953125,-0.07651233673095703,-0.0024213790893554688,0.01686885952949524
1782771770499389700,2.5293896484375,-0.10284900665283203,0.009609352797269821,0.01220001745969057
1782771770509399600,2.539399658203125,-0.07890605926513672,-0.012058567255735397,0.002683565951883793
1782771770519379000,2.54937890625,-0.08848285675048828,-0.00487581267952919,0.007472495548427105
1782771770529388500,2.559388427734375,-0.07651138305664062,-0.009664293378591537,-0.004498777911067009
1782771770539398400,2.5693984375,-0.08848381042480469,0.0023666247725486755,0.002743923105299473
1782771770549377500,2.57937744140625,-0.0812997817993164,0.009489130228757858,0.007652518339455128
1782771770559387400,2.589387451171875,-0.08608818054199219,-0.00008767843246459961,0.02441192977130413
1782771770569397000,2.59939697265625,-0.07411766052246094,0.00464070588350296,0.002864380367100239
1782771770579376400,2.60937646484375,-0.09327125549316406,-0.00008771196007728577,0.010167177766561508
1782771770589386000,2.619385986328125,-0.06932926177978516,0.00948917493224144,0.012621553614735603
1782771770599395800,2.629395751953125,-0.0836944580078125,-0.002369225025177002,0.015046484768390656
1782771770609375200,2.639375244140625,-0.10045337677001953,0.009527642279863358,0.017456933856010437
1782771770619385000,2.649385009765625,-0.10524272918701172,0.0024530887603759766,0.02226404659450054
1782771770629394700,2.659394775390625,-0.07651138305664062,0.014404140412807465,0.01993732713162899
1782771770639374000,2.6693740234375,-0.07651138305664062,-0.004760317504405975,0.000809062272310257
1782771770649383700,2.6793837890625,-0.07890605926513672,0.002414833754301071,0.0033010346814990044
1782771770659393500,2.6893935546875,-0.07890605926513672,-0.007166504859924316,0.012851882725954056
1782771770669372700,2.69937255859375,-0.11242485046386719,-0.0023177936673164368,0.0009413659572601318
1782771770679382500,2.709382568359375,-0.09087657928466797,0.01922137662768364,0.0057121762074530125
1782771770689392000,2.71939208984375,-0.08608818054199219,0.002395123243331909,0.010545246303081512
1782771770699402000,2.729402099609375,-0.09327125549316406,0.002506885677576065,0.00825248658657074
1782771770709381400,2.73938134765625,-0.08608818054199219,-0.011858407407999039,0.008312316611409187
1782771770719391000,2.749390869140625,-0.10045337677001953,0.014418080449104309,0.00597750348970294
1782771770729400800,2.75940087890625,-0.09327030181884766,0.021480578929185867,-0.0010846499353647232
1782771770739380200,2.769380126953125,-0.08608722686767578,0.002267230302095413,0.006158047821372747
1782771770749389800,2.779389892578125,-0.09805870056152344,-0.002521015703678131,0.008612689562141895
1782771770759399700,2.789399658203125,-0.0812978744506836,-0.0024610236287117004,0.0038846489042043686
1782771770769378800,2.79937890625,-0.07411670684814453,-0.011977653950452805,0.020704418420791626
1782771770779388400,2.809388427734375,-0.09087562561035156,-0.004736471921205521,0.03268890827894211
1782771770789398300,2.819398193359375,-0.09566402435302734,0.009564660489559174,-0.00552042480558157
1782771770799377700,2.829377685546875,-0.09805870056152344,-0.002346433699131012,-0.003125961869955063
1782771770809387300,2.83938720703125,-0.09087562561035156,0.021642092615365982,0.01606096513569355
1782771770819397000,2.849397216796875,-0.10045242309570312,-0.011936388909816742,0.004150313325226307
1782771770829316900,2.85931689453125,-0.09327125549316406,-0.007089678198099136,0.01848938688635826
1782771770839476500,2.8694765625,-0.0836944580078125,-0.002182282507419586,-0.002998488023877144
1782771770849396000,2.87939599609375,-0.10045337677001953,-0.009303931146860123,-0.002998223528265953
1782771770859375000,2.889375,-0.08130073547363281,0.00278574600815773,0.006578841712325811
1782771770869384700,2.899384765625,-0.0860891342163086,-0.004336953163146973,0.0210039634257555
1782771770880593200,2.91059326171875,-0.07890701293945312,0.01014363020658493,0.021086689084768295
1782771770899383600,2.929383544921875,-0.06454181671142578,0.0220324769616127,0.021240098401904106
1782771770909334000,2.939333984375,-0.07890701293945312,0.010159622877836227,0.021173886954784393
1782771770919150300,2.949150390625,-0.07411861419677734,-0.006551876664161682,0.006817698013037443
1782771770929382400,2.95938232421875,-0.07172393798828125,0.007855769246816635,0.013944750651717186
1782771770939392300,2.969392333984375,-0.08848381042480469,-0.018482152372598648,0.004443753510713577
1782771770949401900,2.97940185546875,-0.08130073547363281,0.005455341190099716,0.013917496427893639
1782771770960551200,2.99055126953125,-0.08130073547363281,0.010303568094968796,-0.007570482790470123
1782771770979400700,3.009400634765625,-0.10045528411865234,0.0056350864470005035,0.004401041194796562
1782771770989380000,3.019380126953125,-0.07172489166259766,0.012757852673530579,0.009370504878461361
1782771770999389700,3.0293896484375,-0.09566688537597656,0.00557524710893631,0.006916652899235487
1782771771009399600,3.039399658203125,-0.0884847640991211,0.003169141709804535,0.01652631163597107
1782771771019379000,3.04937890625,-0.09566688537597656,-0.0063574910163879395,0.023603927344083786
1782771771029388500,3.059388427734375,-0.08130168914794922,0.0032104216516017914,0.004534871317446232
1782771771039398100,3.069398193359375,-0.08369636535644531,0.015181440860033035,-0.002647737041115761
1782771771049377500,3.07937744140625,-0.08130168914794922,-0.00636620819568634,0.006929590832442045
1782771771059387400,3.089387451171875,-0.09087753295898438,0.003150947391986847,0.009443093091249466
1782771771069397000,3.09939697265625,-0.07651233673095703,-0.0015773586928844452,-0.0001337137073278427
1782771771079376400,3.10937646484375,-0.07890701293945312,0.007930949330329895,0.028688538819551468
1782771771089386000,3.119385986328125,-0.06933021545410156,0.005524341017007828,0.02152441069483757
1782771771099395800,3.129395751953125,-0.08848381042480469,0.0055690184235572815,0.00956923421472311
1782771771109375200,3.139375244140625,-0.08130073547363281,-0.0016245171427726746,0.014376072213053703
1782771771119384800,3.149384765625,-0.07411861419677734,0.0006994791328907013,0.01678108423948288
1782771771129394700,3.159394775390625,-0.06214714050292969,0.007928874343633652,0.009613951668143272
1782771771139374000,3.1693740234375,-0.07651233673095703,0.00796813890337944,0.031150896102190018
1782771771149383700,3.1793837890625,-0.09087753295898438,-0.004013437777757645,0.00967430230230093
1782771771159393500,3.1893935546875,-0.09327220916748047,0.01272973045706749,0.016806192696094513
1782771771169372700,3.19937255859375,-0.08848381042480469,0.01277301087975502,-0.004653694108128548
1782771771179382300,3.20938232421875,-0.09566593170166016,0.00802929699420929,-0.0022216197103261948
1782771771189392100,3.21939208984375,-0.09806060791015625,-0.0016255006194114685,0.007443749811500311
1782771771199402000,3.229402099609375,-0.06933021545410156,0.010381694883108139,0.009921223856508732
1782771771209381000,3.239381103515625,-0.07411861419677734,0.003244340419769287,0.0028372956439852715
1782771771219391000,3.249390869140625,-0.09087753295898438,0.0009099729359149933,-0.004344796761870384
1782771771229400800,3.25940087890625,-0.09806060791015625,0.0008500590920448303,-0.0067384811118245125
1782771771239380200,3.269380126953125,-0.09566593170166016,-0.0038784220814704895,0.02205202914774418
1782771771249389800,3.279389892578125,-0.09087753295898438,0.0009649805724620819,0.02203642949461937
1782771771259399700,3.289399658203125,-0.052570343017578125,0.0032293349504470825,0.019723350182175636
1782771771269378800,3.29937890625,-0.09566593170166016,-0.001558978110551834,-0.009006810374557972
1782771771279388400,3.309388427734375,-0.08848381042480469,-0.006347291171550751,0.01499511394649744
1782771771289398300,3.319398193359375,-0.07411861419677734,0.008078087121248245,0.0006902553141117096
1782771771299377700,3.329377685546875,-0.0860891342163086,-0.008681222796440125,0.007932955399155617
1782771771309387300,3.33938720703125,-0.09327220916748047,0.010532386600971222,0.015115818940103054
1782771771319397000,3.349397216796875,-0.06933021545410156,0.017761096358299255,0.019873719662427902
1782771771329376500,3.35937646484375,-0.09327220916748047,0.001049865037202835,0.005541411228477955
1782771771339386000,3.36938623046875,-0.0836954116821289,-0.0037467703223228455,0.007910197600722313
1782771771349396000,3.37939599609375,-0.09087753295898438,0.005818124860525131,0.015118183568120003
1782771771360584400,3.39058447265625,-0.08848381042480469,0.0058656781911849976,0.010417933575809002
1782771771379394600,3.40939453125,-0.07411861419677734,0.01783013716340065,0.005755354650318623
1782771771389374000,3.4193740234375,-0.06933021545410156,0.010678835213184357,0.02498815953731537
1782771771399383600,3.429383544921875,-0.07651233673095703,0.01775386929512024,0.02019512467086315
1782771771409393400,3.439393310546875,-0.10284805297851562,0.003295082598924637,0.0058444794267416
1782771771419372800,3.449372802734375,-0.0812997817993164,0.008052557706832886,0.005864962935447693
1782771771429382400,3.45938232421875,-0.07411766052246094,-0.011180516332387924,0.01061449758708477
1782771771439392300,3.469392333984375,-0.09566497802734375,-0.00155547633767128,0.017766073346138
1782771771449402000,3.479402099609375,-0.08608818054199219,0.010396219789981842,0.02495921403169632
1782771771459321900,3.48932177734375,-0.07411766052246094,0.003250688314437866,0.02489050105214119
1782771771469452000,3.4994521484375,-0.08848285675048828,0.012790165841579437,0.031967893242836
1782771771479400700,3.509400634765625,-0.06932926177978516,0.005568668246269226,0.019944339990615845
1782771771489380000,3.519380126953125,-0.0812997817993164,0.007924128323793411,0.005602479912340641
1782771771499389700,3.5293896484375,-0.0812997817993164,-0.00873551145195961,0.015224671922624111
1782771771509399600,3.539399658203125,-0.07890605926513672,0.010453272610902786,0.012817887589335442
1782771771519319300,3.5493193359375,-0.0836944580078125,0.0032437965273857117,0.022425638511776924
1782771771529449700,3.55944970703125,-0.10045337677001953,0.005667053163051605,0.027166778221726418
1782771771539398100,3.569398193359375,-0.0836954116821289,0.015330608934164047,0.0008152183145284653
1782771771549377500,3.57937744140625,-0.10284900665283203,0.003387235105037689,0.0199486892670393
1782771771559327700,3.58932763671875,-0.09087753295898438,0.008135393261909485,0.03420174866914749
1782771771569458000,3.5994580078125,-0.09087753295898438,0.015385128557682037,0.019716206938028336
1782771771579376400,3.60937646484375,-0.0836954116821289,0.01060878112912178,-0.001737990416586399
1782771771589386000,3.619385986328125,-0.0860891342163086,-0.0037880204617977142,0.0007134983316063881
1782771771599395800,3.629395751953125,-0.08130073547363281,-0.015712331980466843,0.010298688896000385
1782771771609375200,3.639375244140625,-0.08369636535644531,0.008275683969259262,0.007863886654376984
1782771771619384800,3.649384765625,-0.09087848663330078,0.013099834322929382,0.024564627557992935
1782771771629394700,3.659394775390625,-0.06454277038574219,0.013126708567142487,0.03172719478607178
1782771771639374000,3.6693740234375,-0.08848381042480469,-0.01328660361468792,0.01255897618830204
1782771771649383700,3.6793837890625,-0.09327316284179688,0.010754931718111038,0.007830290123820305
1782771771659393500,3.6893935546875,-0.07890796661376953,0.01796017214655876,0.029349004849791527
1782771771669372700,3.69937255859375,-0.0884857177734375,-0.005885966122150421,0.007788639049977064
1782771771679382300,3.70938232421875,-0.07412052154541016,0.013233333826065063,0.026851175352931023
1782771771689392000,3.71939208984375,-0.09327411651611328,-0.0010378770530223846,0.007682145107537508
1782771771699402000,3.729402099609375,-0.07412052154541016,-0.0034522414207458496,0.014847369864583015
1782771771709381000,3.739381103515625,-0.09806251525878906,0.015673261135816574,0.007657515350729227
1782771771719391000,3.749390869140625,-0.08130264282226562,0.010910581797361374,0.017161352559924126
1782771771729400800,3.75940087890625,-0.0884857177734375,0.006148405373096466,0.01469449233263731
1782771771739380200,3.769380126953125,-0.08130264282226562,0.003784630447626114,0.009902420453727245
1782771771749389800,3.779389892578125,-0.057361602783203125,0.008596435189247131,0.019460437819361687
1782771771759399700,3.789399658203125,-0.07172584533691406,-0.008184745907783508,0.01705261506140232
1782771771769378800,3.79937890625,-0.0908803939819336,-0.0009603090584278107,0.01942916214466095
1782771771779388400,3.809388427734375,-0.06693744659423828,0.010928362607955933,0.02419709786772728
1782771771789339000,3.8193388671875,-0.07890892028808594,-0.010628562420606613,0.0025938209146261215
1782771771799171600,3.829171630859375,-0.0884857177734375,0.0013357214629650116,0.007402671035379171
1782771771809387300,3.83938720703125,-0.0860910415649414,0.003780931234359741,0.012210000306367874
1782771771819397000,3.849397216796875,-0.07651519775390625,0.001498442143201828,0.017003795132040977
1782771771829316900,3.85931689453125,-0.08130359649658203,0.008605610579252243,0.019394073635339737
1782771771839204600,3.86920458984375,-0.08369731903076172,-0.010552078485488892,-0.00936892069876194
1782771771849457000,3.879456787109375,-0.07651519775390625,-0.005645986646413803,0.021669303998351097
1782771771859375000,3.889375,-0.09806346893310547,0.00865263119339943,0.024079209193587303
1782771771869385000,3.899385009765625,-0.0908803939819336,0.011097237467765808,0.004949519410729408
1782771771879394600,3.90939453125,-0.07890987396240234,0.0230456180870533,0.012147447094321251
1782771771889374000,3.9193740234375,-0.08130359649658203,0.013440746814012527,0.00970842968672514
1782771771899383800,3.9293837890625,-0.09327507019042969,-0.0009509697556495667,0.02162202261388302
1782771771909393400,3.939393310546875,-0.0884866714477539,-0.000967368483543396,0.00009801890701055527
1782771771919372800,3.949372802734375,-0.08369731903076172,0.01810183748602867,0.012208575382828712
1782771771929382700,3.959382568359375,-0.07651519775390625,-0.008250970393419266,0.02413249760866165
1782771771939392300,3.969392333984375,-0.09087944030761719,0.013214055448770523,0.014623668976128101
1782771771949402000,3.979402099609375,-0.1124277114868164,-0.0035651996731758118,0.03131261467933655
1782771771959381200,3.98938134765625,-0.07651424407958984,0.0035991817712783813,0.01221473142504692
1782771771969390800,3.999390869140625,-0.09327411651611328,0.01566610112786293,0.00264679454267025
1782771771979400700,4.009400634765625,-0.0884866714477539,0.01569099724292755,0.01455749198794365
1782771771989380000,4.019380126953125,-0.09327507019042969,0.030057638883590698,0.016819845885038376
1782771771999389700,4.0293896484375,-0.08369827270507812,0.0013424493372440338,0.007245018612593412
1782771772009340200,4.039340087890625,-0.08369731903076172,0.015652578324079514,0.019145797938108444
1782771772019470300,4.04947021484375,-0.08369827270507812,-0.0034852884709835052,0.026189157739281654
1782771772029388500,4.059388427734375,-0.06693840026855469,0.0013205520808696747,0.023698311299085617
1782771772040956400,4.070956298828125,-0.0884866714477539,0.003736194223165512,0.00930825900286436
1782771772059387400,4.089387451171875,-0.08609199523925781,0.032419972121715546,0.018829569220542908
1782771772069397000,4.09939697265625,-0.08369827270507812,0.006082441657781601,0.021180512383580208
1782771772079376400,4.10937646484375,-0.09088134765625,0.008544683456420898,0.004343665204942226
1782771772089386000,4.119385986328125,-0.07412147521972656,-0.001136086881160736,0.025921586900949478
1782771772099395800,4.129395751953125,-0.08130455017089844,-0.0034427642822265625,0.013930020853877068
1782771772109375200,4.139375244140625,-0.10524559020996094,-0.010644655674695969,0.016243277117609978
1782771772119385000,4.149385009765625,-0.09327507019042969,0.008485279977321625,0.025730028748512268
1782771772129394700,4.159394775390625,-0.0908823013305664,0.0037922561168670654,0.013608944602310658
1782771772139374000,4.1693740234375,-0.07651615142822266,0.013341952115297318,0.011203231289982796
1782771772149384000,4.179384033203125,-0.07651615142822266,-0.008277691900730133,0.00164132472127676
1782771772160743200,4.1907431640625,-0.09566879272460938,0.015575062483549118,0.0064884270541369915
1782771772179382300,4.20938232421875,-0.08369827270507812,0.006087347865104675,0.001768152229487896
1782771772189392100,4.21939208984375,-0.08369827270507812,-0.008285701274871826,0.018565751612186432
1782771772199402000,4.229402099609375,-0.0908803939819336,0.003745131194591522,-0.0029820641502738
1782771772209381000,4.239381103515625,-0.0884866714477539,0.018099907785654068,0.004127500578761101
1782771772219391000,4.249390869140625,-0.08848762512207031,0.0013894401490688324,0.013747348450124264
1782771772229400800,4.25940087890625,-0.08130455017089844,0.018181107938289642,0.03285566717386246
1782771772239380200,4.269380126953125,-0.07891082763671875,0.01819591596722603,0.025663379579782486
1782771772249389800,4.279389892578125,-0.07891178131103516,-0.0008732862770557404,0.00878333393484354
1782771772259399700,4.289399658203125,-0.08848857879638672,0.02068905159831047,-0.0031770821660757065
1782771772269378800,4.29937890625,-0.08609390258789062,0.011058222502470016,0.027935907244682312
1782771772279388400,4.309388427734375,-0.07891178131103516,0.00873323529958725,0.018406879156827927
1782771772289398300,4.319398193359375,-0.0669403076171875,0.008742541074752808,0.015998035669326782
1782771772299377700,4.329377685546875,-0.07172870635986328,0.01353311538696289,0.02082105539739132
1782771772309387300,4.33938720703125,-0.0908823013305664,0.018374431878328323,0.011161256581544876
1782771772319397000,4.349397216796875,-0.08130550384521484,-0.0008245334029197693,0.001585954800248146
1782771772329376500,4.35937646484375,-0.07651710510253906,0.011033818125724792,0.02551121637225151
1782771772339386000,4.36938623046875,-0.07412338256835938,0.006201565265655518,0.013532419688999653
1782771772349396000,4.37939599609375,-0.09566974639892578,0.010943479835987091,0.008799252100288868
1782771772359375000,4.389375,-0.08130550384521484,-0.008178189396858215,0.011200351640582085
1782771772369385000,4.399385009765625,-0.06933403015136719,-0.005860917270183563,0.0016440600156784058
1782771772379394600,4.40939453125,-0.09088134765625,0.00609453022480011,0.0016144141554832458
1782771772389374000,4.4193740234375,-0.10524749755859375,0.010982584208250046,0.01361119095236063
1782771772399383800,4.4293837890625,-0.09806537628173828,-0.008123241364955902,0.004007081501185894
1782771772409393400,4.439393310546875,-0.0908823013305664,0.020644914358854294,0.006372190546244383
1782771772419372800,4.449372802734375,-0.0932769775390625,-0.00329701229929924,0.0016438737511634827
1782771772429382700,4.459382568359375,-0.08848857879638672,-0.0008559636771678925,0.016041988506913185
1782771772439392300,4.469392333984375,-0.08370018005371094,0.006312727928161621,0.008833073079586029
1782771772449402000,4.479402099609375,-0.0693349838256836,0.008746065199375153,0.008798817172646523
1782771772459381200,4.48938134765625,-0.08370018005371094,-0.010407466441392899,0.0016762977465987206
1782771772469390800,4.499390869140625,-0.08609390258789062,0.006338745355606079,0.023186467587947845
1782771772479400700,4.509400634765625,-0.08848762512207031,0.011049870401620865,0.01368978712707758
1782771772489380000,4.519380126953125,-0.07891082763671875,-0.005775611847639084,0.004094403237104416
1782771772499389700,4.5293896484375,-0.07891082763671875,0.0013980753719806671,0.020877614617347717
1782771772509399600,4.539399658203125,-0.08848762512207031,0.003784947097301483,0.006486914586275816
1782771772519379000,4.54937890625,-0.08848762512207031,0.006228357553482056,0.018483225256204605
1782771772529388500,4.559388427734375,-0.08369922637939453,0.020576950162649155,-0.0030292198061943054
1782771772539398400,4.5693984375,-0.0669393539428711,-0.003383401781320572,0.020989682525396347
1782771772549377500,4.57937744140625,-0.0908803939819336,-0.0034553110599517822,0.011434903368353844
1782771772559387400,4.589387451171875,-0.08609199523925781,0.0060461051762104034,0.020901046693325043
1782771772569397000,4.59939697265625,-0.08609199523925781,-0.022683855146169662,-0.005335140973329544
1782771772579376400,4.60937646484375,-0.10045719146728516,-0.005920350551605225,0.01862388290464878
1782771772589386000,4.619385986328125,-0.08609199523925781,-0.010699503123760223,0.018637940287590027
1782771772599395800,4.629395751953125,-0.11003398895263672,0.010909192264080048,0.009077956900000572
1782771772609375200,4.639375244140625,-0.08369922637939453,0.018141787499189377,0.013881323859095573
1782771772619385000,4.649385009765625,-0.09566974639892578,0.011001504957675934,0.016281571239233017
1782771772629394700,4.659394775390625,-0.08130359649658203,0.0061342231929302216,0.01150006428360939
1782771772639374000,4.6693740234375,-0.0884866714477539,0.010903995484113693,0.018756363540887833
1782771772649384000,4.679384033203125,-0.0884866714477539,-0.005807932466268539,0.014043048024177551
1782771772659393500,4.6893935546875,-0.08130359649658203,0.001299392431974411,0.016492487862706184
1782771772669372700,4.69937255859375,-0.07412147521972656,0.0012256316840648651,0.011702926829457283
1782771772679382500,4.709382568359375,-0.09327507019042969,0.00845450907945633,0.011777350679039955
1782771772689392000,4.71939208984375,-0.07651519775390625,-0.003467712551355362,0.018904443830251694
1782771772699402000,4.729402099609375,-0.09566879272460938,-0.0010233744978904724,0.021295981481671333
1782771772709381400,4.73938134765625,-0.07172679901123047,0.0014231465756893158,-0.0002945614978671074
1782771772719391000,4.749390869140625,-0.09327507019042969,-0.005823850631713867,0.028425663709640503
1782771772729400800,4.75940087890625,-0.07651519775390625,-0.00815635547041893,0.014050698839128017
1782771772739380200,4.769380126953125,-0.06215095520019531,-0.005758099257946014,0.0019733943045139313
1782771772749389800,4.779389892578125,-0.08609294891357422,0.00866587832570076,0.009126436896622181
1782771772759399700,4.789399658203125,-0.08609199523925781,-0.0009115561842918396,-0.00035052746534347534
1782771772769378800,4.79937890625,-0.07412338256835938,-0.000731196254491806,0.004558322951197624
1782771772779388400,4.809388427734375,-0.07651710510253906,0.006445840001106262,0.01893986016511917
1782771772789398300,4.819398193359375,-0.0908823013305664,-0.003073863685131073,0.009323010221123695
1782771772799377700,4.829377685546875,-0.08130550384521484,0.004168577492237091,0.002140405587852001
1782771772809387300,4.83938720703125,-0.08848857879638672,-0.007802456617355347,0.01891643926501274
1782771772819397000,4.849397216796875,-0.09806537628173828,0.004166223108768463,0.02127080038189888
1782771772829376500,4.85937646484375,-0.08370018005371094,-0.0005639791488647461,0.016502734273672104
1782771772839386000,4.86938623046875,-0.07412338256835938,0.004219517111778259,0.021234646439552307
1782771772849396000,4.87939599609375,-0.0932769775390625,-0.007691033184528351,0.009213914163410664
1782771772859375000,4.889375,-0.09806632995605469,0.006670702248811722,0.011565204709768295
1782771772869384700,4.899384765625,-0.08130645751953125,0.0043904781341552734,-0.0004421267658472061
1782771772879394600,4.90939453125,-0.0956716537475586,0.014018278568983078,0.009169860742986202
1782771772889374000,4.9193740234375,-0.08849048614501953,0.011727027595043182,0.01870754547417164
1782771772899383600,4.929383544921875,-0.09327888488769531,0.0021318458020687103,0.018717356026172638
1782771772909393400,4.939393310546875,-0.08370208740234375,-0.0026095621287822723,0.016395272687077522
1782771772919372800,4.949372802734375,-0.095672607421875,-0.007404979318380356,0.016286326572299004
1782771772929382400,4.95938232421875,-0.07412528991699219,0.009346168488264084,-0.002836308442056179
1782771772939392300,4.969392333984375,-0.07891368865966797,0.009333375841379166,0.01149493083357811
1782771772949401900,4.97940185546875,-0.08609676361083984,0.011828567832708359,0.011576073244214058
1782771772959381000,4.989381103515625,-0.09088516235351562,0.00235728919506073,0.009271618910133839
1782771772969390800,4.999390869140625,-0.08370304107666016,-0.004835791885852814,0.011634042486548424
1782771772979400700,5.009400634765625,-0.07891368865966797,0.002276197075843811,0.01883775368332863
1782771772989380000,5.019380126953125,-0.08130836486816406,0.002325069159269333,0.006828519981354475
1782771772999389700,5.0293896484375,-0.08609676361083984,-0.004923202097415924,0.018762899562716484
1782771773009399600,5.039399658203125,-0.10524940490722656,0.014156181365251541,0.018774930387735367
1782771773019379000,5.04937890625,-0.09088420867919922,0.01885787770152092,0.01871431991457939
1782771773029388500,5.059388427734375,-0.09327888488769531,0.011703934520483017,0.016317332163453102
1782771773039398400,5.0693984375,-0.0693368911743164,-0.0002372153103351593,0.023481938987970352
1782771773049377500,5.07937744140625,-0.07891464233398438,0.007033489644527435,0.021123915910720825
1782771773059387400,5.089387451171875,-0.09088516235351562,-0.009744107723236084,0.011532217264175415
1782771773069397000,5.09939697265625,-0.08609580993652344,-0.007416978478431702,-0.0028759418055415154
1782771773079376400,5.10937646484375,-0.08370208740234375,0.009272817522287369,0.006724755745381117
1782771773089386000,5.119385986328125,-0.0956716537475586,0.004473548382520676,0.013869293965399265
1782771773099395800,5.129395751953125,-0.0932779312133789,0.011581972241401672,0.013891704380512238
1782771773109375200,5.139375244140625,-0.09088325500488281,0.02357914298772812,0.023407399654388428
1782771773119384800,5.149384765625,-0.08609485626220703,0.006845805794000626,0.009044402278959751
1782771773129394700,5.159394775390625,-0.08370113372802734,0.011534083634614944,0.02585035189986229
1782771773139374000,5.1693740234375,-0.0669412612915039,0.013883832842111588,0.016259057447314262
1782771773149383700,5.1793837890625,-0.07412433624267578,0.01144130527973175,0.013788847252726555
1782771773159393500,5.1893935546875,-0.09088325500488281,-0.007744595408439636,0.018504194915294647
1782771773169372700,5.19937255859375,-0.07412433624267578,-0.002982567995786667,0.018425388261675835
1782771773179382300,5.20938232421875,-0.08370113372802734,-0.005332935601472855,0.0017271675169467926
1782771773189392100,5.21939208984375,-0.10764312744140625,-0.0028881318867206573,0.011258650571107864
1782771773199402000,5.229402099609375,-0.08848953247070312,0.011519528925418854,0.0136585533618927
1782771773209381000,5.239381103515625,-0.09088325500488281,-0.00770217552781105,-0.01031553465873003
1782771773219391000,5.249390869140625,-0.08370113372802734,0.00904572382569313,0.015986021608114243
1782771773229400800,5.25940087890625,-0.07891273498535156,-0.0029337257146835327,0.011281946673989296
1782771773239380200,5.269380126953125,-0.08848953247070312,-0.010117899626493454,0.008858009241521358
1782771773249389800,5.279389892578125,-0.08370113372802734,0.013875328004360199,0.016124920919537544
1782771773259399700,5.289399658203125,-0.08130645751953125,0.021038878709077835,0.006572831887751818
1782771773269378800,5.29937890625,-0.07412433624267578,0.023409143090248108,0.006545312236994505
1782771773279388400,5.309388427734375,-0.08848953247070312,-0.007678277790546417,0.030379578471183777
1782771773289398300,5.319398193359375,-0.08848953247070312,0.0019388757646083832,0.006394701544195414
1782771773299377700,5.329377685546875,-0.08130645751953125,0.016149062663316727,0.013517315499484539
1782771773309387300,5.33938720703125,-0.0932779312133789,0.0017581768333911896,0.020585766062140465
1782771773319397000,5.349397216796875,-0.08370113372802734,0.006577111780643463,0.022912636399269104
1782771773329376500,5.35937646484375,-0.10524845123291016,-0.0006269589066505432,0.0037670405581593513
1782771773339386000,5.36938623046875,-0.0956716537475586,0.004139754921197891,0.020527120679616928
1782771773349396000,5.37939599609375,-0.0932779312133789,0.009025737643241882,-0.001065005548298359
1782771773359375000,5.389375,-0.08370113372802734,-0.0029566623270511627,-0.0010292287915945053
1782771773369385000,5.399385009765625,-0.10285568237304688,0.01151137426495552,0.010913144797086716
1782771773379394600,5.40939453125,-0.09088420867919922,0.013885952532291412,0.018125252798199654
1782771773389374000,5.4193740234375,-0.08609485626220703,0.0018257908523082733,0.0276987012475729
1782771773399383800,5.4293837890625,-0.08849048614501953,0.01142788678407669,0.018053315579891205
1782771773409393400,5.439393310546875,-0.09088420867919922,0.011513873934745789,0.008479350246489048
1782771773419372800,5.449372802734375,-0.08130836486816406,0.004420209676027298,0.02045140601694584
1782771773429382400,5.45938232421875,-0.09327983856201172,0.002055644989013672,0.017990317195653915
1782771773439332600,5.46933251953125,-0.0956735610961914,0.011595293879508972,0.025151630863547325
1782771773449463000,5.479463134765625,-0.09088516235351562,0.004447590559720993,-0.008350995369255543
1782771773459321900,5.48932177734375,-0.09327983856201172,0.006815947592258453,0.013211480341851711
1782771773469452000,5.4994521484375,-0.095672607421875,0.00917794182896614,0.020334864035248756
1782771773479400700,5.509400634765625,-0.0717306137084961,0.011540550738573074,0.015552524477243423
1782771773489380000,5.519380126953125,-0.09088420867919922,0.00916929543018341,0.010824102908372879
1782771773499389700,5.5293896484375,-0.0980672836303711,0.009131509810686111,0.0011961031705141068
1782771773509399600,5.539399658203125,-0.08130741119384766,0.013943169265985489,0.015574194490909576
1782771773519379000,5.54937890625,-0.07651996612548828,0.006843268871307373,0.015583120286464691
1782771773529329200,5.5593291015625,-0.10764503479003906,0.0045403167605400085,-0.005996977910399437
1782771773539459300,5.569459228515625,-0.08370304107666016,0.023708418011665344,0.003544909879565239
1782771773549377500,5.57937744140625,-0.09327983856201172,0.0021800696849823,0.01792820543050766
1782771773559387400,5.589387451171875,-0.08849143981933594,0.0020232945680618286,0.0226624496281147
1782771773569397200,5.599397216796875,-0.07891464233398438,0.004444532096385956,0.005856827367097139
1782771773579376400,5.60937646484375,-0.07651996612548828,0.004477974027395248,0.0034280652180314064
1782771773589386000,5.619385986328125,-0.10764503479003906,-0.005174398422241211,0.012975392863154411
1782771773599395800,5.629395751953125,-0.08609676361083984,-0.0027926750481128693,0.0033715134486556053
1782771773609375200,5.639375244140625,-0.10046195983886719,-0.009922541677951813,0.027330994606018066
1782771773619384800,5.649384765625,-0.08130836486816406,-0.005137033760547638,0.0033562108874320984
1782771773629394700,5.659394775390625,-0.10764503479003906,0.016399387270212173,0.0034453226253390312
1782771773639374000,5.6693740234375,-0.06694316864013672,0.0165085531771183,0.005882998462766409
1782771773649383700,5.6793837890625,-0.0956735610961914,0.004520930349826813,0.013037214986979961
1782771773659393500,5.6893935546875,-0.09088516235351562,0.011629633605480194,0.0035018818452954292
1782771773669372700,5.69937255859375,-0.0980682373046875,-0.007343694567680359,-0.00601483229547739
1782771773679382300,5.70938232421875,-0.11003875732421875,-0.00022073835134506226,0.02032138593494892
1782771773689392000,5.71939208984375,-0.08849143981933594,-0.00016618520021438599,0.01318318024277687
1782771773699402000,5.729402099609375,-0.09327983856201172,0.002281375229358673,0.010829642415046692
1782771773709381000,5.739381103515625,-0.10764598846435547,0.01190609484910965,0.006018302869051695
1782771773719391000,5.749390869140625,-0.09567451477050781,0.009558703750371933,0.005998911801725626
1782771773729400800,5.75940087890625,-0.08849239349365234,0.009604927152395248,0.008494609035551548
1782771773739380200,5.769380126953125,-0.08849334716796875,-0.004700455814599991,0.003766038455069065
1782771773749389800,5.779389892578125,-0.08131027221679688,0.007270552217960358,0.006160240154713392
1782771773759399700,5.789399658203125,-0.07891559600830078,0.007133465260267258,0.022887855768203735
1782771773769378800,5.79937890625,-0.08849239349365234,-0.002393968403339386,0.008558325469493866
1782771773779388400,5.809388427734375,-0.08130931854248047,-0.00479714572429657,0.020553264766931534
1782771773789398300,5.819398193359375,-0.07891559600830078,-0.002402782440185547,-0.005842550657689571
1782771773799377700,5.829377685546875,-0.1004629135131836,0.026309724897146225,0.013283235020935535
1782771773809387300,5.83938720703125,-0.09088611602783203,0.014376066625118256,0.01809927076101303
1782771773819337700,5.849337646484375,-0.08849334716796875,0.007231425493955612,0.006158781703561544
1782771773829468000,5.859468017578125,-0.07652091979980469,0.002428002655506134,-0.0010422160848975182
1782771773839386000,5.86938623046875,-0.09088706970214844,0.014438800513744354,0.008513456210494041
1782771773849336300,5.87933642578125,-0.08370494842529297,-0.009524043649435043,0.01805170252919197
1782771773859466800,5.889466796875,-0.09567546844482422,0.0216243676841259,0.0060399980284273624
1782771773869385000,5.899385009765625,-0.1004638671875,0.019192993640899658,0.0061284746043384075
1782771773879394600,5.90939453125,-0.0980691909790039,-0.0024439729750156403,0.0060973395593464375
1782771773889374000,5.9193740234375,-0.08130931854248047,-0.009626492857933044,0.001369277946650982
1782771773899383800,5.9293837890625,-0.09567451477050781,0.000010050833225250244,0.0014291778206825256
1782771773909393400,5.939393310546875,-0.08849239349365234,0.002404250204563141,0.013400185853242874
1782771773919372800,5.949372802734375,-0.10525226593017578,0.009631816297769547,0.02534177154302597
1782771773929382700,5.959382568359375,-0.09328174591064453,0.021637868136167526,0.008551039732992649
1782771773939392300,5.969392333984375,-0.1028585433959961,0.002463698387145996,0.01336868479847908
1782771773949401900,5.97940185546875,-0.08849239349365234,-0.009578347206115723,0.006221872288733721
1782771773959381200,5.98938134765625,-0.09567451477050781,-0.002342142164707184,0.013505232520401478
1782771773969390800,5.999390869140625,-0.08609771728515625,0.007234744727611542,-0.008042333647608757
1782771773979400700,6.009400634765625,-0.10285663604736328,0.004780713468790054,0.003988509066402912
1782771773989380000,6.019380126953125,-0.08130836486816406,0.002326507121324539,0.008837253786623478
1782771773999389700,6.0293896484375,-0.08609676361083984,0.0047111548483371735,0.018452659249305725
1782771774009399600,6.039399658203125,-0.10285663604736328,-0.004925671964883804,0.006541998591274023
1782771774019379000,6.04937890625,-0.08370304107666016,-0.004869341850280762,0.01849023625254631
1782771774029388500,6.059388427734375,-0.07891559600830078,0.016782354563474655,0.02323160693049431
1782771774039398400,6.0693984375,-0.0717325210571289,0.012030549347400665,0.023232199251651764
1782771774049377500,6.07937744140625,-0.0980691909790039,0.0072158463299274445,0.016104774549603462
1782771774059387400,6.089387451171875,-0.09088611602783203,0.014431361109018326,0.0040870551019907
1782771774069397200,6.099397216796875,-0.07891559600830078,0.01445607841014862,0.013550828211009502
1782771774079376400,6.10937646484375,-0.1004629135131836,0.007237959653139114,0.015948675572872162
1782771774089386000,6.119385986328125,-0.08370399475097656,0.00008909031748771667,0.003994099795818329
1782771774099395800,6.129395751953125,-0.09328174591064453,0.0025766901671886444,0.011189572513103485
1782771774109375200,6.139375244140625,-0.08370494842529297,0.0073470622301101685,-0.005533795803785324
1782771774119384800,6.149384765625,-0.08131027221679688,0.021735455840826035,0.006522600073367357
1782771774129394700,6.159394775390625,-0.08609867095947266,0.0025555379688739777,0.01367512159049511
1782771774139374000,6.1693740234375,-0.08370399475097656,0.019275151193141937,0.013694838620722294
1782771774149383700,6.1793837890625,-0.08609771728515625,0.014442425221204758,0.016043737530708313
1782771774159334000,6.189333984375,-0.08130931854248047,0.007213722914457321,0.020835164934396744
1782771774169464300,6.19946435546875,-0.07652091979980469,0.0120018869638443,0.03271656483411789
1782771774179382300,6.20938232421875,-0.0956735610961914,0.011945787817239761,0.006366750691086054
1782771774189392100,6.21939208984375,-0.0741262435913086,0.023904412984848022,0.013590026646852493
1782771774199402000,6.229402099609375,-0.08609676361083984,-0.004873495548963547,0.011251175776124
1782771774209381000,6.239381103515625,-0.0717315673828125,0.01894953101873398,0.02081206999719143
1782771774219391000,6.249390869140625,-0.08609676361083984,-0.0073674581944942474,0.013619978912174702
1782771774229400800,6.25940087890625,-0.08609676361083984,-0.007454968988895416,0.006376773584634066
1782771774239380200,6.269380126953125,-0.0717306137084961,0.026021726429462433,0.006321473512798548
1782771774249389800,6.279389892578125,-0.09327888488769531,0.004442356526851654,0.0014948081225156784
1782771774259399700,6.289399658203125,-0.08849048614501953,0.004414945840835571,0.006309026386588812
1782771774269378800,6.29937890625,-0.09088420867919922,0.002056688070297241,-0.0008411100134253502
1782771774279388400,6.309388427734375,-0.0980672836303711,0.0020968392491340637,0.013496839441359043
1782771774289398300,6.319398193359375,-0.08370304107666016,0.0021334029734134674,0.015910247340798378
1782771774299377700,6.329377685546875,-0.08130741119384766,0.02364872395992279,0.011083759367465973
1782771774309387300,6.33938720703125,-0.095672607421875,0.01881531998515129,0.018216686323285103
1782771774319397000,6.349397216796875,-0.07891273498535156,-0.0004321932792663574,0.01822710782289505
1782771774329376500,6.35937646484375,-0.07891273498535156,0.013893704861402512,0.0087805837392807
1782771774339386000,6.36938623046875,-0.07891273498535156,0.013784434646368027,0.023078598082065582
1782771774349396000,6.37939599609375,-0.08370113372802734,0.006499882787466049,0.013502081856131554
1782771774359375000,6.389375,-0.0932769775390625,-0.01513369008898735,0.03030540607869625
1782771774369385000,6.399385009765625,-0.08609390258789062,-0.012691432610154152,0.011085910722613335
1782771774379394600,6.40939453125,-0.08130645751953125,-0.0006715133786201477,0.015861377120018005
1782771774389374000,6.4193740234375,-0.08848857879638672,0.0015918761491775513,0.011060439050197601
1782771774399383800,6.4293837890625,-0.09806537628173828,0.0063659027218818665,0.00871664471924305
1782771774409393400,6.439393310546875,-0.0908823013305664,0.0014455504715442657,0.0135028762742877
1782771774419372800,6.449372802734375,-0.09567070007324219,0.001555018126964569,0.015901410952210426
1782771774429382700,6.459382568359375,-0.08848857879638672,0.011052671819925308,0.03012586012482643
1782771774439392300,6.469392333984375,-0.08370018005371094,0.0038520880043506622,0.01090162806212902
1782771774449402000,6.479402099609375,-0.10285377502441406,0.011072777211666107,0.010959016159176826
1782771774459381200,6.48938134765625,-0.09567070007324219,-0.005702316761016846,0.02297789976000786
1782771774469390800,6.499390869140625,-0.08130455017089844,0.0014055632054805756,0.020565012469887733
1782771774479400700,6.509400634765625,-0.0908823013305664,-0.005723852664232254,0.003812621347606182
1782771774489380000,6.519380126953125,-0.11243057250976562,0.003845423460006714,0.0013761818408966064
1782771774499389700,6.5293896484375,-0.09567070007324219,0.015856023877859116,0.027764981612563133
1782771774509399600,6.539399658203125,-0.10524654388427734,0.010978639125823975,0.023011788725852966
1782771774519379000,6.54937890625,-0.08848762512207031,0.008559554815292358,-0.0033186040818691254
1782771774529388500,6.559388427734375,-0.08848857879638672,0.003809969872236252,0.0014887070283293724
1782771774539398400,6.5693984375,-0.0908823013305664,0.0014053210616111755,0.0038626305758953094
1782771774549377500,6.57937744140625,-0.08369922637939453,0.010966077446937561,0.006292249541729689
1782771774559387400,6.589387451171875,-0.08609390258789062,0.01584872230887413,0.010990327224135399
1782771774569397200,6.599397216796875,-0.08370018005371094,0.011029969900846481,0.01813327707350254
1782771774579376400,6.60937646484375,-0.08609390258789062,0.008607599884271622,0.0037952205166220665
1782771774589386000,6.619385986328125,-0.07891178131103516,0.0014669336378574371,-0.0010124193504452705
1782771774599395800,6.629395751953125,-0.07412338256835938,-0.010456055402755737,0.015783412382006645
1782771774609375200,6.639375244140625,-0.08130550384521484,-0.000879090279340744,0.006207114551216364
1782771774619385000,6.649385009765625,-0.0932769775390625,0.0015047155320644379,0.020600441843271255
1782771774629394700,6.659394775390625,-0.11003589630126953,-0.008014928549528122,0.0038851983845233917
1782771774639374000,6.6693740234375,-0.08609390258789062,-0.0007755495607852936,0.018347185105085373
1782771774649384000,6.679384033203125,-0.09806537628173828,0.0016132853925228119,0.027937501668930054
1782771774659393500,6.6893935546875,-0.09567070007324219,0.008784230798482895,0.025537550449371338
1782771774669372700,6.69937255859375,-0.10285472869873047,0.008888978511095047,0.008720398880541325
1782771774679382500,6.709382568359375,-0.07651805877685547,0.008865505456924438,0.020733775570988655
1782771774689392000,6.71939208984375,-0.09806537628173828,0.013628732413053513,0.008644763380289078
1782771774699402000,6.729402099609375,-0.07651710510253906,0.004029359668493271,0.01583164744079113
1782771774709381400,6.73938134765625,-0.08130645751953125,0.008908893913030624,0.013373836874961853
1782771774719391000,6.749390869140625,-0.07412433624267578,-0.0006289444863796234,0.006201560143381357
1782771774729400800,6.75940087890625,-0.0908823013305664,0.02561803162097931,-0.00819594319909811
1782771774739380200,6.769380126953125,-0.08609390258789062,-0.003192480653524399,0.013440956361591816
1782771774749389800,6.779389892578125,-0.0908823013305664,0.003972616046667099,0.011078102514147758
1782771774759399700,6.789399658203125,-0.07412338256835938,0.008739471435546875,0.00386602059006691
1782771774769378800,6.79937890625,-0.10045909881591797,0.018285062164068222,0.01113397628068924
1782771774779388400,6.809388427734375,-0.08848857879638672,0.011074721813201904,-0.000802026130259037
1782771774789398300,6.819398193359375,-0.09567070007324219,-0.012867296114563942,0.0063805789686739445
1782771774799377700,6.829377685546875,-0.07891178131103516,0.006269004195928574,0.018383458256721497
1782771774809387300,6.83938720703125,-0.08848857879638672,-0.003377411514520645,0.008845786564052105
1782771774819397000,6.849397216796875,-0.035816192626953125,0.0015307404100894928,-0.00539950467646122
1782771774829376500,6.85937646484375,0.040816307067871094,0.0017576105892658234,0.030378079041838646
1782771774839386000,6.86938623046875,-0.11238479614257812,0.015232857316732407,0.009956988506019115
1782771774849396000,6.87939599609375,-0.11956024169921875,-0.01899936981499195,0.0232482198625803
1782771774859375000,6.889375,-0.09800910949707031,0.018947474658489227,0.007217783480882645
1782771774869384700,6.899384765625,-0.0932168960571289,0.018518079072237015,0.03187136352062225
1782771774879394600,6.90939453125,-0.10039615631103516,-0.010454092174768448,-0.003551274538040161
1782771774889374000,6.9193740234375,-0.10278987884521484,-0.008118890225887299,0.011012556031346321
1782771774899383600,6.929383544921875,-0.12673377990722656,0.006363816559314728,-0.0011673178523778915
1782771774909393400,6.939393310546875,-0.2512369155883789,0.014081615954637527,-0.006632324308156967
1782771774919372800,6.949372802734375,-0.2680034637451172,0.010250531136989594,-0.015250898897647858
1782771774929382400,6.95938232421875,0.1940469741821289,-0.01991283893585205,0.014191987924277782
